product_id,product_name,category,price,available_stock,launch_date,is_available,rating
1,Coconut Almond Granola,,133,471,2/16/2025,false,3
2,Savory Oatmeal,,196,379,3/4/2025,true,1
3,Balsamic Glazed Brussels Sprouts,,65,459,7/23/2024,false,1
4,Sweet and Spicy Barbecue Sauce,,186,846,1/15/2025,true,2
5,Children's Gardening Set,,341,414,5/3/2025,false,1
6,Mediterranean Couscous,,334,616,10/18/2024,true,4
7,Instant Camera,,40,880,9/29/2024,true,2
8,Stylish Wireless Earbuds,,195,886,11/1/2024,true,3
9,Oats,,377,371,4/6/2025,false,5
10,Asian Noodle Salad Kit,,450,534,4/2/2025,true,1
11,Blackberry Compote,,300,901,11/7/2024,true,5
12,Vacuum Sealer Machine,,463,603,9/9/2024,true,1
13,Sweet Pea Hummus,,387,505,12/18/2024,false,5
14,Portable Hammock,,340,387,9/2/2024,false,2
15,Basmati Rice,,283,769,5/9/2025,true,2
16,Blue Corn Tortilla Chips,,381,114,2/10/2025,true,4
17,Pet Training Pads,,129,785,6/13/2025,false,4
18,Decorative LED Neon Sign,,246,355,9/8/2024,true,5
19,Sliced Cheese,,202,812,10/11/2024,false,2
20,Infrared Space Heater,,143,485,11/25/2024,true,2
21,Spicy Vegetable Sushi Rolls,,30,842,9/12/2024,true,3
22,Buffalo Chicken Dip,,466,575,6/18/2025,false,3
23,Bird Feeder,,340,633,12/23/2024,false,1
24,Spinach and Feta Stuffed Chicken Breast,,398,48,10/19/2024,true,2
25,Granola Clusters,,142,151,7/25/2024,false,4
26,Children's Gardening Set,,99,601,7/2/2025,false,5
27,High-Speed HDMI Cable,,301,408,7/22/2024,false,5
28,Sesame Noodles,,268,94,11/26/2024,false,5
29,Portable Charcoal Grill,,322,722,1/22/2025,true,3
30,Curried Lentil Salad,,15,28,1/31/2025,true,1
31,Personal Blender,,158,422,3/15/2025,true,5
32,Personal Blender with Cups,,41,225,8/5/2024,true,4
33,Portable Charcoal Grill,,295,725,1/2/2025,false,5
34,Fashionable Belt Bag,,177,685,9/21/2024,false,3
35,Kids' Trampoline,,211,785,6/23/2025,false,3
36,Eco-Friendly Yoga Blocks,,21,658,10/19/2024,false,3
37,Chic Ankle Strap Heels,,39,541,12/2/2024,false,5
38,Sooji (Semolina),,85,612,4/9/2025,false,5
39,Classic Chicken Noodle Soup,,442,537,10/27/2024,false,5
40,Chunky Knit Sweater,,106,882,1/15/2025,true,5
41,Roasted Garlic Butter,,6,107,10/3/2024,true,2
42,Travel Luggage Scale,,335,747,2/9/2025,true,4
43,Yoga Strap,,367,398,2/24/2025,true,5
44,Fleece Hoodie,,34,615,11/19/2024,false,2
45,Canvas Tote Bag,,304,228,5/27/2025,true,2
46,Pineapple Rings,,50,347,10/4/2024,true,2
47,Smoky BBQ Jackfruit,,44,538,10/5/2024,true,1
48,Honey-Balsamic Vinaigrette,,241,429,8/18/2024,false,5
49,Outdoor Camping Hammock,,429,821,9/26/2024,false,5
50,Rainbow Veggie Chips,,426,729,12/13/2024,false,1
51,Pineapple Rings,,344,778,3/28/2025,true,2
52,Electric Ice Cream Maker,,245,345,2/22/2025,true,5
53,Window A/C Unit,,360,365,3/18/2025,true,3
54,Two-Tier Fruit Basket,,328,288,4/22/2025,true,3
55,Compressible Packing Cubes,,178,608,4/20/2025,true,5
56,Wall Decals for Kids,,246,892,2/16/2025,true,2
57,Organic Cucumber,,439,882,2/23/2025,true,5
58,Peanut Butter Filled Pretzels,,85,613,4/17/2025,true,3
59,Antique Style Clock,,15,109,6/16/2025,false,4
60,Fruit Infuser Water Bottle,,179,10,10/23/2024,true,5
61,Tomato Basil Pasta Sauce,,291,456,8/31/2024,false,1
62,Pet Training Clicker,,294,259,12/21/2024,true,3
63,Smartphone Tripod with Remote,,460,662,9/7/2024,false,5
64,Luxury Rolling Makeup Case,,120,146,12/8/2024,false,3
65,Lentil Vegetable Curry,,55,887,9/23/2024,true,4
66,Handmade Soap Making Kit,,481,614,11/15/2024,false,4
67,Organic Fruit Salad,,462,702,1/6/2025,false,2
68,Banana Peanut Butter Smoothie,,471,777,5/30/2025,false,1
69,Insulated Coffee Mug,,495,584,3/2/2025,false,3
70,Curried Lentil Salad,,462,55,4/3/2025,false,3
71,Diced Tomatoes (canned),,61,16,2/27/2025,true,3
72,Gluten-Free Biscuits,,252,921,4/1/2025,false,4
73,Savory Snack Mix,,391,82,8/7/2024,false,3
74,Organic Granola,,493,393,8/29/2024,false,3
75,Hummus Trio Pack,,460,444,12/11/2024,false,3
76,Pumpkin Spice Pancake Mix,,123,822,2/16/2025,true,1
77,Frozen Spinach,,491,91,12/31/2024,true,2
78,Margherita Pizza,,330,750,7/24/2024,false,2
79,Applewood Smoked Bacon,,386,426,2/22/2025,false,1
80,Granola Bars,,329,885,4/15/2025,true,4
81,Organic Almond Flour,,453,82,12/27/2024,false,2
82,Tomato Basil Pasta Sauce,,311,39,11/2/2024,false,1
83,Adjustable Kitchen Broom Stand,,33,637,12/8/2024,true,4
84,Tomatillo Salsa,,192,522,6/24/2025,false,4
85,Portable Charcoal Grill,,414,982,8/1/2024,false,4
86,Grilled Vegetable Medley,,258,660,3/21/2025,false,1
87,Nutritional Yeast,,249,803,3/21/2025,false,3
88,Men's Waterproof Hiking Boots,,244,388,2/8/2025,true,1
89,Reusable Coffee Filter,,91,338,11/17/2024,false,4
90,Honey Roasted Peanuts,,203,541,10/1/2024,false,4
91,Kids' Art Supplies Kit,,445,549,11/8/2024,true,2
92,Margherita Pizza,,93,482,2/19/2025,false,5
93,Pet Hair Vacuum Attachment,,233,539,3/5/2025,true,2
94,Pretzel Bites,,114,681,1/29/2025,true,2
95,Pet Carrier Backpack,,386,997,5/28/2025,false,2
96,Hiking Gaiters,,144,656,11/27/2024,false,4
97,Honey BBQ Ribs,,232,123,4/17/2025,true,3
98,Cranberry Orange Juice,,48,210,1/16/2025,true,3
99,Customizable Name Puzzle,,62,881,3/27/2025,true,3
100,Smart Thermostat,,363,869,9/4/2024,false,5
101,Tactical Backpack,,176,459,10/10/2024,true,5
102,Floral Summer Dress,,490,629,12/9/2024,false,4
103,Berry Smoothie Mix,,273,815,11/7/2024,false,3
104,Hand Mixer,,44,885,3/6/2025,false,2
105,Camera Lens Cleaning Kit,,64,71,1/20/2025,false,4
106,Outdoor Camping Lantern,,158,903,3/30/2025,false,4
107,Slim Fit Chinos,,169,88,9/26/2024,false,1
108,Pesto Pasta Salad,,15,564,6/24/2025,false,1
109,Classic White T-Shirt,,377,137,2/11/2025,true,5
110,Tandoori Chicken Marinade,,33,497,9/2/2024,true,3
111,Reversible Swimming Pool Lounger,,281,611,12/28/2024,false,4
112,Leather Notebook Cover,,367,794,10/23/2024,false,5
113,Smartphone Gimbal Stabilizer,,53,356,5/4/2025,false,1
114,Ginger Snaps,,117,344,9/8/2024,true,5
115,Multifunctional Pocket Tool,,382,501,4/12/2025,false,1
116,Chic Ankle Strap Heels,,157,607,8/28/2024,false,1
117,Kids' Dinosaur-Themed Lunchbox,,379,211,8/6/2024,true,3
118,Digital Stopwatch Timer,,161,516,12/31/2024,false,4
119,Smartphone Car Mount with Wireless Charging,,243,984,8/23/2024,true,3
120,Almond Milk Yogurt,,367,569,8/22/2024,true,5
121,Chocolate Covered Pretzels,,465,29,5/24/2025,true,3
122,Fitness Jump Rope,,366,189,12/11/2024,false,1
123,Berries Medley,,60,386,10/26/2024,true,5
124,Salsa Verde,,217,11,3/17/2025,true,2
125,Bird Feeder,,270,965,9/20/2024,true,3
126,Brazil Nuts,,423,894,7/1/2025,true,3
127,Salsa Verde,,165,839,5/20/2025,false,2
128,Chocolate Mint Cookies,,320,835,3/13/2025,false,2
129,Air Purifier,,277,305,3/2/2025,false,3
130,Pineapple Coconut Yogurt,,279,498,6/12/2025,false,5
131,Maple Cinnamon Granola,,403,703,6/1/2025,true,4
132,Chicken Sausage,,427,654,9/24/2024,false,4
133,Solar Garden Lights,,99,80,12/31/2024,false,1
134,Apple Cinnamon Breakfast Muffins,,398,312,2/14/2025,false,5
135,Wireless Charging Station,,419,703,4/18/2025,true,4
136,Smartphone Projector Kit,,400,805,5/3/2025,false,5
137,Organic Spinach,,385,68,3/8/2025,false,2
138,Organic Coconut Sugar,,299,27,1/21/2025,true,4
139,Inflatable Party Cooler,,258,791,2/4/2025,false,5
140,Streaming Device,,391,44,6/11/2025,false,4
141,Mediterranean Couscous,,449,638,2/14/2025,true,2
142,Honey BBQ Riblets,,407,392,1/24/2025,false,3
143,Insulated Coffee Mug,,342,55,9/3/2024,false,4
144,Electric Wax Warmer,,310,679,1/20/2025,true,4
145,Kids' Outdoor Explorer Kit,,387,45,1/13/2025,false,1
146,Brazil Nuts,,344,449,11/1/2024,true,3
147,Skincare Fridge,,315,75,12/2/2024,false,2
148,Granulated Sugar,,143,886,7/2/2025,true,3
149,Smartphone Tripod with Remote,,456,863,11/21/2024,false,1
150,Coconut Oil,,500,906,4/21/2025,true,3
151,Multi-Purpose Scissors,,495,49,4/16/2025,false,3
152,Sous Vide Cooker,,306,392,2/8/2025,false,2
153,Coffee Grinder,,193,424,9/10/2024,true,5
154,Vegan Protein Powder,,166,816,11/8/2024,true,4
155,Spicy Tuna Sushi Kit,,108,139,12/22/2024,false,1
156,Canned Coconut Milk,,355,370,6/7/2025,true,2
157,Mini Electric Kettle,,260,287,5/1/2025,true,1
158,Computer Monitor Stand,,98,407,11/1/2024,true,5
159,Vegetable and Cheese Quesadillas,,462,855,11/6/2024,true,5
160,Caramel Apple Taffy,,134,770,2/24/2025,true,2
161,Collapsible Water Bottle,,393,558,8/29/2024,false,2
162,Reusable Silicone Food Storage Bags,,73,833,9/7/2024,false,4
163,Organic Granola Cereal,,307,517,6/9/2025,true,5
164,Smart Scale,,98,368,10/7/2024,true,4
165,Cranberry Orange Oatmeal,,321,173,2/5/2025,true,2
166,Almond Butter Cookies,,305,216,1/12/2025,true,2
167,Herbed Chicken Breast,,16,202,2/11/2025,true,2
168,Mashed Sweet Potatoes,,491,721,5/1/2025,true,5
169,Coconut Flakes,,78,507,6/25/2025,true,2
170,Sushi Rice,,496,618,3/27/2025,false,2
171,Whisk Set,,442,860,1/30/2025,true,3
172,Wireless HDMI Transmitter,,314,161,7/10/2024,true,1
173,Snap-On Tupperware Set,,189,931,9/14/2024,true,3
174,Vintage Button-Down Shirt,,83,313,6/5/2025,true,2
175,Whole Grain Mustard,,369,105,11/6/2024,false,1
176,Collapsible Pet Dog Bowl,,56,114,2/26/2025,true,4
177,Lentil Vegetable Stew,,32,563,12/31/2024,true,4
178,Winter Insulated Jacket,,186,770,8/31/2024,false,5
179,Nutty Quinoa Salad,,295,564,7/11/2024,false,1
180,Red Lentil Pasta,,222,953,4/24/2025,false,3
181,Sweet Chili Dipping Sauce,,307,701,9/24/2024,true,5
182,Vintage Graphic Tee,,137,948,8/26/2024,false,1
183,Handmade Leather Journal,,136,66,11/29/2024,false,5
184,Classic Black Dress,,408,581,11/28/2024,true,2
185,Multi-Function Smartphone Holder,,202,679,2/23/2025,true,4
186,Casual Cropped Sweater,,117,911,8/30/2024,false,4
187,Essential Oil Roller Bottles,,380,948,5/27/2025,true,5
188,Spicy Kimchi,,41,164,9/7/2024,false,2
189,Blue Corn Tortilla Chips,,100,961,3/30/2025,false,3
190,High-Top Leather Boots,,336,174,12/4/2024,false,1
191,Fitness Foam Roller,,232,55,12/24/2024,true,3
192,Chipotle Black Bean Salad,,436,865,2/15/2025,false,2
193,Thai Coconut Curry Sauce,,398,950,12/28/2024,true,2
194,Frozen Vegetarian Pizza,,399,472,2/9/2025,false,3
195,Stainless Steel Straws,,383,830,8/6/2024,false,4
196,Artisan Bread,,67,586,12/13/2024,true,1
197,Pet Reflective Vest,,38,993,11/17/2024,true,4
198,Cold Brew Coffee Maker,,200,764,7/19/2024,true,4
199,Strawberry Banana Smoothie Pack,,420,941,6/6/2025,true,5
200,Peanut Butter Banana Smoothie Mix,,6,885,10/11/2024,false,1
201,Garlic Herb Marinade,,120,127,4/2/2025,true,5
202,Sweet and Spicy Barbecue Sauce,,223,285,4/27/2025,true,1
203,Organic Ramen Noodles,,195,555,1/19/2025,true,3
204,Wireless HDMI Receiver,,379,825,9/11/2024,true,3
205,Karaoke Microphone,,367,604,4/10/2025,false,3
206,Chiffon Blouse,,3,824,7/25/2024,false,3
207,Golf Putting Green,,492,363,4/26/2025,false,2
208,Streaming Device,,80,168,7/3/2025,false,3
209,Creamy Garlic Mashed Potatoes,,499,778,5/28/2025,false,3
210,Falafel Mix,,434,995,5/30/2025,true,4
211,Mediterranean Couscous,,364,592,11/18/2024,true,3
212,Garlic Parmesan Roasted Nuts,,327,589,9/23/2024,false,3
213,Toy Building Set,,335,673,7/25/2024,false,2
214,Mediterranean Chickpea Bowl,,457,844,1/15/2025,true,3
215,Voice-Controlled Speaker,,246,339,9/2/2024,false,1
216,Frozen Mixed Berries,,274,409,4/26/2025,false,1
217,Casual Cropped Sweater,,76,153,10/3/2024,false,1
218,Acoustic Guitar,,393,137,7/8/2024,true,1
219,Caramel Apple Chips,,447,61,7/15/2024,true,1
220,Caramelized Onion Dip,,208,451,10/19/2024,true,1
221,Sunglasses,,496,681,10/9/2024,true,2
222,Chia Seed Pudding Mix,,287,363,11/16/2024,true,3
223,Wooden Blocks,,188,685,3/8/2025,false,4
224,Stainless Steel BBQ Grill Set,,197,952,12/18/2024,false,1
225,Reusable Coffee Filter,,294,200,9/16/2024,false,3
226,Vanilla Pudding Mix,,113,265,4/3/2025,true,5
227,Car Vacuum Cleaner,,485,775,10/3/2024,true,4
228,Wireless Earbuds,,172,974,11/15/2024,false,4
229,BBQ Lentil Chips,,428,128,8/1/2024,false,3
230,Spinach and Ricotta Ravioli,,99,560,12/11/2024,false,5
231,Photo Album,,352,189,1/1/2025,true,4
232,Travel Jewelry Organizer,,104,910,7/9/2024,true,1
233,Wireless Charger,,452,391,2/3/2025,true,3
234,Wall-Mounted Organizer,,120,63,6/9/2025,true,1
235,Portable Solar Generator,,75,640,7/15/2024,true,4
236,Portable Hammock Swing,,229,478,10/26/2024,false,4
237,Dark Chocolate Almond Butter Cups,,274,816,8/30/2024,true,5
238,Almond Crunch Granola Bars,,468,458,7/23/2024,false,2
239,Grass Fed Beef Patties,,492,67,8/23/2024,false,1
240,Spicy Vegetable Sushi Rolls,,28,318,2/14/2025,false,5
241,Vegan Chocolate Cake Mix,,259,217,3/17/2025,false,2
242,Bamboo Cotton Tank Top,,195,350,7/31/2024,true,4
243,High-Top Leather Boots,,81,652,10/30/2024,false,2
244,Maple Pecan Granola,,70,852,6/10/2025,false,3
245,Rechargeable Hand Warmer,,262,268,2/20/2025,true,3
246,Chocolate Mint Protein Shake,,423,582,1/9/2025,true,5
247,Organic Chia Seeds,,31,798,12/21/2024,false,5
248,Fruit and Nut Medley,,344,516,7/7/2025,true,3
249,Crispy Kale Chips,,456,460,2/18/2025,true,5
250,Magnetic Screen Door,,115,353,5/11/2025,true,5
251,Pita Bread,,61,272,6/3/2025,true,5
252,Beef Enchilada Casserole,,274,906,12/16/2024,true,5
253,LED Christmas Tree Lights,,84,878,9/16/2024,true,4
254,Sesame Garlic Stir-Fry Sauce,,495,507,1/8/2025,false,2
255,Cinnamon Sugar Popcorn,,376,443,12/29/2024,true,2
256,Terry Cloth Robe,,485,99,6/12/2025,true,2
257,Wildflower Honey,,436,12,1/7/2025,true,1
258,Lightweight Rain Jacket,,204,558,7/1/2025,false,4
259,Puffer Winter Coat,,37,991,5/28/2025,true,1
260,Sooji (Semolina),,118,657,11/10/2024,true,3
261,LED Strip Light Kit,,232,913,10/17/2024,false,5
262,Beef Taco Skillet,,96,885,11/12/2024,true,2
263,Insulated Lunch Box,,129,52,11/10/2024,false,3
264,Indoor Grill,,237,941,11/7/2024,false,5
265,Graphic Tee,,389,769,12/15/2024,false,3
266,LED Christmas Lights,,283,771,6/19/2025,true,5
267,Baking Powder,,347,434,11/5/2024,false,2
268,Travel Mug with Leak-Proof Lid,,66,75,10/3/2024,true,1
269,Organic Cereal Bars,,234,15,11/29/2024,true,5
270,Sunglasses Case,,203,371,10/11/2024,true,4
271,Plant-Based Protein Bars,,150,369,10/27/2024,false,3
272,Air Purifier,,405,298,6/27/2025,false,3
273,Himalayan Pink Salt,,237,795,12/2/2024,false,5
274,Cotton Tote Bag Set,,245,586,5/15/2025,true,5
275,Customizable Name Puzzle,,456,222,4/28/2025,false,5
276,Blue Corn Tortilla Chips,,115,147,2/26/2025,true,4
277,Ripped Boyfriend Jeans,,402,189,8/15/2024,false,3
278,Kids' Outdoor Explorer Kit,,331,90,4/11/2025,false,5
279,Sweet Potato Mash,,454,903,1/16/2025,false,2
280,Peach Mango Smoothie,,309,376,4/10/2025,false,4
281,Garlic Parmesan Roasted Potatoes,,14,393,5/29/2025,true,3
282,Peas (frozen),,12,893,12/27/2024,false,1
283,Cocoa Powder,,380,771,11/18/2024,true,4
284,Beef Enchilada Casserole,,93,126,6/18/2025,true,2
285,Pineapple Coconut Yogurt,,365,875,8/24/2024,false,4
286,Sun-Dried Tomatoes,,203,891,2/16/2025,false,4
287,Frozen Fruit Medley,,490,816,10/12/2024,false,5
288,Chocolate Syrup,,267,342,7/13/2024,false,1
289,Mediterranean Chickpea Bowl,,22,278,2/6/2025,true,1
290,Crispy Potato Tots,,165,661,4/24/2025,false,2
291,Coconut Almond Granola,,139,836,5/13/2025,true,3
292,Organic Quinoa Chips,,412,996,9/27/2024,false,4
293,High-Pressure Handheld Shower Head,,448,128,1/11/2025,false,5
294,Cranberry Pecan Granola,,118,651,3/24/2025,true,5
295,Watering Can with Nozzle,,468,656,2/9/2025,false,5
296,Dog Walking Waist Pack,,126,74,8/9/2024,true,2
297,Compact Pop-Up Tent,,452,337,5/14/2025,true,5
298,Smart Home Hub,,33,188,9/2/2024,false,1
299,Italian Herb Balsamic Marinade,,434,40,6/28/2025,false,4
300,Lemon Sorbet,,175,766,10/10/2024,false,3
301,Portable Campfire,,426,775,4/19/2025,false,4
302,Coconut Curry Chicken,,288,420,8/26/2024,true,2
303,Electric Wax Warmer,,469,414,11/15/2024,false,5
304,Motorcycle Phone Mount,,225,694,5/17/2025,false,1
305,Homestyle Chicken Noodle Soup,,375,392,9/21/2024,true,2
306,Arcade Game Machine,,358,761,7/20/2024,true,4
307,Cocoa Powder,,261,991,8/30/2024,true,2
308,Wall Art,,473,524,1/19/2025,true,3
309,Glass Water Bottle,,484,65,1/1/2025,true,5
310,Organic Black Rice,,54,773,7/5/2025,true,3
311,Electric Wine Opener,,141,356,10/14/2024,true,5
312,Plant Watering Spikes,,182,477,6/8/2025,false,2
313,Foam Building Blocks for Kids,,223,376,1/6/2025,true,2
314,Diced Tomatoes (canned),,408,343,7/23/2024,true,1
315,Mango Salsa,,427,151,2/7/2025,true,5
316,Ricotta Cheese,,493,831,10/12/2024,true,3
317,Camping Lantern,,71,686,11/13/2024,false,3
318,Ginger Snaps,,48,874,8/3/2024,false,3
319,Chilli Lime Corn on the Cob,,241,40,3/3/2025,false,1
320,Craft Beer Mustard,,261,114,1/1/2025,false,5
321,Chocolate Chip Cookie Dough,,231,388,11/9/2024,false,1
322,Pita Bread,,475,877,10/13/2024,false,4
323,Portable Pet Bathing Tool,,17,733,1/18/2025,true,5
324,DIY Lip Balm Making Kit,,485,170,12/26/2024,false,1
325,Sweet Potatoes (organic),,235,537,12/18/2024,false,4
326,Coconut Lime Rice,,460,320,2/9/2025,true,3
327,Dish Rack,,387,138,1/15/2025,true,5
328,Interchangeable Watch Bands,,5,684,9/20/2024,false,1
329,Ginger Turmeric Shots,,321,536,3/11/2025,true,2
330,Almond Flour Biscuits,,335,613,11/1/2024,true,4
331,Beef Tacos,,73,279,6/25/2025,false,1
332,Computer Monitor Stand,,458,722,4/14/2025,false,2
333,Pepperoni Pizza Rolls,,480,258,10/7/2024,true,1
334,Smoky BBQ Jackfruit,,323,766,5/16/2025,false,3
335,Athletic Compression Tights,,485,552,5/23/2025,false,2
336,Kids' Art Easel,,369,234,2/6/2025,false,1
337,Beef Sirloin Steak,,294,375,10/14/2024,false,1
338,Dried Mango Slices,,435,113,5/18/2025,true,1
339,Ankle Boots,,416,443,3/11/2025,true,4
340,Beef Tacos,,108,671,8/7/2024,true,5
341,Indian Curry Sauce,,129,134,1/2/2025,false,1
342,Maple Cinnamon Granola Bars,,134,768,8/4/2024,true,4
343,Honey Almond Granola Bars,,87,785,10/11/2024,false,2
344,Electric Egg Cooker,,254,349,2/1/2025,true,5
345,Caramel Apple Chips,,38,15,6/21/2025,true,3
346,Chili Lime Corn Chips,,240,767,1/1/2025,true,5
347,Smartphone Tripod with Bluetooth Remote,,481,723,2/23/2025,false,4
348,Caramelized Onion Dip Mix,,262,172,3/22/2025,true,4
349,Energy Protein Bars,,64,639,5/5/2025,true,1
350,Heavy Duty Gardening Tool Set,,118,150,12/5/2024,true,4
351,Asian Noodle Salad Kit,,259,936,1/9/2025,false,5
352,Magnetic Screen Door,,88,350,12/21/2024,false,2
353,Foot Massager,,162,643,11/13/2024,false,2
354,Travel Sewing Kit,,307,418,4/2/2025,true,5
355,Ultra-Thin Laptop Sleeve,,241,414,3/15/2025,true,3
356,Maple Breakfast Sausage,,92,992,10/9/2024,true,3
357,Caraway Rye Bread,,381,736,12/2/2024,false,3
358,Animal Paw Print Soap Dispenser,,163,247,12/22/2024,false,5
359,Pineapple Rings,,303,693,1/29/2025,false,2
360,Bike Repair Tool Kit,,294,337,12/17/2024,true,1
361,Organic Black Rice,,116,93,11/5/2024,false,2
362,Truffle Parmesan Fries,,292,211,3/4/2025,false,4
363,Smoked Paprika,,458,304,11/2/2024,true,2
364,Fridge Magnet Set,,53,341,7/9/2024,false,2
365,Smartphone Hand Grip,,414,438,3/29/2025,true,4
366,Coconut Rice,,332,133,12/17/2024,false,5
367,Coconut Milk,,250,111,9/21/2024,true,3
368,Whole Wheat Bread,,444,799,10/9/2024,false,2
369,Vegetable Stock,,93,853,7/23/2024,true,1
370,Air Fryer Oven,,140,481,8/10/2024,true,4
371,Stainless Steel Grater,,141,157,12/13/2024,false,5
372,Lemon Zest Olive Oil,,217,998,10/8/2024,true,1
373,Organic Black Bean Burger,,195,691,10/27/2024,false,3
374,Potato Wedge Seasoning,,368,531,5/17/2025,true,2
375,Canvas Tote Bag,,330,276,2/14/2025,false,1
376,Mini Waffle Maker,,282,142,8/16/2024,true,1
377,Turmeric Ginger Tea,,168,188,8/9/2024,true,1
378,Spinach and Cheese Stuffed Shells,,243,44,12/31/2024,false,1
379,DIY Lip Balm Kit,,480,509,3/14/2025,true,2
380,Spinach and Cheese Stuffed Shells,,412,87,10/15/2024,false,3
381,Savory Pumpkin Soup,,37,812,2/6/2025,true,1
382,Maple Bacon Popcorn,,85,19,11/18/2024,false,3
383,Ski Goggles,,274,57,2/9/2025,false,2
384,Hand Crank Blender,,299,949,4/12/2025,true,2
385,Cajun Seasoning,,100,475,2/7/2025,false,3
386,Tailgating Set,,47,245,12/30/2024,false,4
387,Pet Activity Tracker,,210,297,9/21/2024,false,3
388,Camera Lens Cleaning Kit,,20,420,4/26/2025,true,5
389,Window Blinds,,298,759,4/18/2025,true,2
390,Roasted Garlic Butter,,139,632,8/25/2024,false,4
391,Antique Style Clock,,385,264,8/25/2024,true,4
392,Eco-Friendly Yoga Blocks,,251,23,4/30/2025,false,3
393,Pet Grooming Brush,,386,518,8/31/2024,true,4
394,Skincare Fridge,,247,788,2/2/2025,true,5
395,Stainless Steel Travel Mug,,345,341,12/10/2024,false,2
396,Coconut Cream Pie Mix,,121,222,10/26/2024,false,3
397,Camping Tent,,425,719,1/12/2025,true,3
398,Vanilla Ice Cream,,319,209,10/5/2024,true,3
399,Classic Vanilla Fudge,,131,84,7/13/2024,false,3
400,Banana Chips,,150,674,4/27/2025,false,5
401,Chili Garlic Sauce,,132,716,10/13/2024,false,3
402,Mixed Berry Smoothie Pack,,463,311,11/24/2024,false,2
403,Portable Camping Stove,,85,587,1/12/2025,true,5
404,Fruit Infuser Water Bottle,,240,232,11/26/2024,true,3
405,Savory Oatmeal,,479,225,7/17/2024,true,1
406,Chickpea Flour,,338,293,1/15/2025,false,2
407,Vanilla Protein Powder,,98,627,10/8/2024,true,2
408,Chipotle Lime Salsa,,190,521,4/16/2025,false,3
409,Almond Flour Pancake Mix,,12,764,6/14/2025,true,1
410,Compact Portable Grill,,359,904,11/4/2024,false,2
411,Creative Puzzle Game,,74,743,1/9/2025,false,3
412,Pet Food Storage Container,,26,735,5/18/2025,true,4
413,Wine Glasses,,180,112,12/27/2024,true,5
414,Smartphone Car Mount with Wireless Charging,,192,582,12/8/2024,false,2
415,Reflective Safety Vest,,487,837,6/18/2025,true,4
416,Cucumber Relish,,145,986,8/4/2024,false,3
417,Roasted Red Pepper Hummus,,120,49,9/8/2024,false,2
418,Roasted Red Pepper Sauce,,83,766,7/17/2024,false,3
419,Bike Repair Tool Kit,,130,462,4/28/2025,false,1
420,Watercolor Brush Pens,,182,61,1/11/2025,false,2
421,Pumpkin Spice Muffins,,223,5,5/1/2025,true,4
422,Peanut Butter Granola,,145,285,6/3/2025,true,2
423,Electric Rice Cooker with Steamer,,282,779,11/28/2024,false,4
424,Potting Soil,,22,499,7/10/2024,true,5
425,Outdoor Adventure Backpack,,444,394,11/4/2024,true,3
426,Camping Lantern,,300,999,12/31/2024,true,5
427,Garlic Butter Sauce,,409,134,2/9/2025,true,1
428,Popcorn Chicken,,257,696,2/28/2025,false,2
429,Personal Security Alarm Keychain,,91,975,1/17/2025,false,2
430,Chili Lime Seasoning,,143,95,3/9/2025,false,5
431,Almond Flour Tortillas,,326,978,4/29/2025,true,5
432,Waterproof Rain Boots,,328,478,10/13/2024,true,4
433,Electric Kettle with Temperature Control,,164,351,2/7/2025,false,4
434,Plaid Flannel Shirt,,230,907,7/22/2024,false,1
435,Beet Salad,,253,727,4/18/2025,false,1
436,Lightweight Travel Backpack,,63,912,5/1/2025,false,1
437,Couscous Mix,,5,609,3/8/2025,false,3
438,Golf Polo Shirt,,46,258,8/14/2024,false,3
439,French Onion Dip,,192,883,6/25/2025,true,3
440,Arcade Game Machine,,498,185,9/16/2024,true,3
441,Butternut Squash Ravioli,,314,201,7/2/2025,false,1
442,Spicy Chicken Wings,,53,994,2/4/2025,true,4
443,Lentils,,122,626,10/10/2024,false,2
444,Natural Fruit Snacks,,171,469,8/15/2024,false,2
445,Zucchini Noodles,,71,715,7/16/2024,true,1
446,Honey Mustard Sauce,,381,976,4/13/2025,true,1
447,Veggie Chips Variety Pack,,308,202,10/24/2024,true,3
448,Tea Infuser Bottle,,487,314,10/23/2024,false,3
449,Pet Training Pads,,203,224,3/16/2025,false,1
450,Children's Educational Puzzle,,313,212,12/9/2024,true,4
451,Sports Windbreaker,,385,948,1/28/2025,true,1
452,Almond Joy Munch Bars,,386,733,6/30/2025,false,3
453,Smart Plant Monitor,,301,642,2/2/2025,false,5
454,Hummus Trio Pack,,468,903,10/31/2024,false,5
455,Mediterranean Couscous,,150,353,7/7/2025,false,3
456,Elegant Maxi Skirt,,440,322,7/19/2024,false,2
457,Whole Wheat Pita Bread,,267,925,9/18/2024,true,1
458,Multifunctional Pocket Tool,,307,151,7/8/2024,true,1
459,Vegetarian Stuffed Peppers,,480,832,2/14/2025,true,5
460,Outdoor Camping Lantern,,295,280,2/16/2025,true,3
461,Nut Mix,,133,508,10/4/2024,true,4
462,Smartwatch,,427,124,3/28/2025,true,3
463,Apple Sauce,,251,39,3/15/2025,false,4
464,Bluetooth Shower Speaker,,403,199,9/14/2024,false,5
465,Gluten-Free Brownies,,154,495,2/12/2025,true,3
466,Herbal Tea Sampler Box,,361,257,3/2/2025,false,5
467,Nutty Granola Clusters,,449,623,5/27/2025,false,2
468,Laptop Sleeve,,164,184,1/26/2025,true,2
469,Workstation Laptop Stand,,479,867,1/27/2025,false,3
470,Portable Solar Path Lights,,372,221,4/28/2025,false,4
471,Children's Backpack,,490,558,3/19/2025,false,5
472,Whole Chicken,,174,402,8/17/2024,true,2
473,Vegetable and Cheese Quesadillas,,250,806,9/21/2024,true,5
474,Sriracha Honey Glaze,,17,248,4/6/2025,false,2
475,Balsamic Glaze,,230,296,5/18/2025,true,5
476,Sliced Strawberries,,59,150,1/14/2025,false,1
477,Baked Falafel,,380,582,11/29/2024,false,2
478,Organic Apples,,431,617,11/26/2024,true,1
479,Smartphone Camera Lens Kit,,311,242,6/18/2025,true,3
480,Digital Food Scale,,375,467,10/2/2024,false,2
481,Gluten-Free Pancake Mix,,171,948,7/18/2024,false,2
482,Honey Garlic Sauce,,162,4,5/4/2025,false,1
483,Pet First Aid Kit,,79,3,8/7/2024,false,5
484,Honey Mustard Chicken Breasts,,448,183,5/10/2025,false,4
485,Ranch Dressing,,397,960,8/17/2024,true,4
486,Fresh Cilantro,,471,30,11/16/2024,true,4
487,Sesame Seeds,,94,8,6/14/2025,false,2
488,Classic Watch,,479,30,10/15/2024,false,1
489,Garlic Parmesan Roasted Nuts,,445,80,3/13/2025,false,1
490,Wireless Smart Plug,,99,719,3/10/2025,true,5
491,Caramelized Onion Dip,,400,900,8/10/2024,true,3
492,Plant-Based Protein Bars,,13,111,6/14/2025,false,3
493,LED Strip Light Kit,,421,77,5/6/2025,false,5
494,Fleece Throw Blanket,,216,572,11/6/2024,false,3
495,Cereal Dispenser with Portion Control,,277,574,11/25/2024,false,5
496,Roasted Red Pepper Hummus,,183,196,1/2/2025,true,4
497,Magnet Travel Fridge Magnets,,253,105,2/18/2025,true,5
498,Cauliflower Crust Pizza,,59,539,10/12/2024,true,5
499,Chickpea Snack Mix,,365,205,7/22/2024,false,5
500,Drone,,139,552,3/18/2025,true,2
501,Kids' Craft Supplies Set,,244,162,8/1/2024,false,2
502,Tomatillo Salsa,,328,424,5/3/2025,false,5
503,Turmeric Ginger Tea,,337,885,9/5/2024,true,3
504,Handheld Shower Head,,396,906,10/7/2024,true,1
505,Children's Educational Puzzle,,247,506,1/6/2025,false,1
506,Gardening Gloves,,53,507,5/6/2025,false,2
507,Fitness Smartwatch,,2,988,2/16/2025,false,3
508,Vegan Protein Powder,,197,945,10/20/2024,false,3
509,Motorcycle Phone Mount,,174,813,2/21/2025,false,4
510,Pet Safety Harness,,23,322,6/10/2025,true,2
511,Stick Vacuums Cleaner,,276,46,2/8/2025,false,4
512,Kettle Corn Popcorn,,184,114,6/6/2025,true,1
513,Pet Travel Backpack Carrier,,222,331,4/13/2025,true,3
514,Pepperoni Pizza Rolls,,266,45,1/30/2025,false,1
515,Puzzle,,489,18,5/27/2025,true,2
516,Pepper Jack Cheese Slices,,345,956,2/3/2025,true,3
517,Whole Grain Cereal,,254,904,4/24/2025,false,1
518,Kids' Gardening Kit,,10,394,12/12/2024,false,1
519,Pet Tracking Collar,,22,874,12/18/2024,false,5
520,Frozen Hash Browns,,496,84,7/15/2024,false,1
521,Canned Black Beans,,7,118,12/26/2024,true,2
522,Fruit Infuser Water Bottle,,204,733,12/5/2024,false,4
523,Desk Organizer Set,,204,588,5/3/2025,true,2
524,Tea Set with Infuser,,66,79,3/11/2025,false,5
525,Home Karaoke System,,463,194,5/29/2025,false,5
526,Thermostatic Shower Valve Kit,,144,950,4/19/2025,true,5
527,Thai Red Curry Paste,,353,322,9/30/2024,true,2
528,Spicy Kimchi,,184,808,7/15/2024,true,3
529,LED Christmas Lights,,11,290,4/30/2025,true,5
530,Jump Rope with Counter,,435,586,5/16/2025,false,5
531,Warm Knit Beanie,,3,973,12/13/2024,true,5
532,Customizable Wall Calendar,,302,282,12/22/2024,false,5
533,Dog Collar,,365,505,1/25/2025,true,5
534,Reusable Produce Bags Set,,425,207,3/15/2025,true,1
535,Garden Vegetable Soup,,419,135,6/28/2025,false,5
536,Kitchen Scale,,203,482,12/22/2024,false,1
537,Frozen Berry Medley,,221,712,7/17/2024,true,4
538,Aged White Cheddar Popcorn,,327,575,3/8/2025,false,2
539,Ramen Noodles,,428,578,2/15/2025,false,3
540,Cinnamon Roll Kit,,446,944,6/16/2025,true,2
541,Mini Hand Gesture Drone,,202,345,10/12/2024,true,3
542,Streaming Device,,219,48,2/26/2025,false,1
543,Garden Hose,,327,144,11/13/2024,false,2
544,Field Journal,,379,430,8/8/2024,true,1
545,Workstation Laptop Stand,,394,61,1/6/2025,false,3
546,Peanut Butter Chocolate Clusters,,463,670,7/29/2024,true,1
547,Smart Home Security Camera,,339,785,12/21/2024,true,5
548,Peanut Butter Pretzel Bites,,20,322,10/7/2024,true,2
549,Protein Powder,,372,952,6/21/2025,false,3
550,Artisan Bread Loaf,,42,726,6/12/2025,false,2
551,Portable Pet Stroller,,184,660,8/31/2024,true,5
552,Tandoori Chicken Skewers,,23,310,7/3/2025,true,4
553,Fruit and Nut Bars,,357,117,9/21/2024,true,2
554,Green Smoothie Mix,,201,883,7/13/2024,true,1
555,Noise Reduction Headphones,,396,480,10/26/2024,true,2
556,Shredded Cheese,,456,50,7/13/2024,false,2
557,Brownie Bites,,92,657,8/1/2024,true,2
558,Roasted Sweet Corn,,114,837,11/22/2024,true,4
559,Maple Bacon Potato Chips,,331,604,12/5/2024,false,5
560,Wireless Keyboard and Mouse Combo,,471,645,10/30/2024,true,3
561,Herb Garlic Butter,,363,282,5/10/2025,true,2
562,Fitness Tracker,,316,722,9/18/2024,false,5
563,Luxury Bath Robe,,476,779,10/15/2024,true,2
564,Deep Tissue Massage Gun,,382,816,5/16/2025,true,2
565,Fresh Strawberries,,151,683,3/26/2025,true,1
566,Fire Roasted Salsa,,47,213,1/6/2025,true,5
567,Spicy Tuna Rolls,,87,165,9/28/2024,false,1
568,Lemon Sorbet,,385,716,1/24/2025,false,4
569,Camping Tarp,,263,931,7/19/2024,true,4
570,Telescope,,427,149,9/13/2024,true,2
571,Chocolate Mint Cookies,,236,58,2/27/2025,true,4
572,Chipotle Seasoning Blend,,195,227,3/4/2025,true,4
573,Vegetable Chips,,169,505,9/25/2024,true,5
574,Coffee Maker,,149,806,1/25/2025,false,4
575,Compost Bin,,376,65,2/1/2025,false,2
576,Children's Musical Instrument Set,,91,886,5/19/2025,false,2
577,Cocktail Shaker and Mixing Glass Set,,275,194,3/13/2025,false,5
578,Chocolate Peanut Butter Cups,,461,851,12/23/2024,false,5
579,Nail Polish Set,,315,53,11/10/2024,false,1
580,Field Journal,,16,889,3/11/2025,false,2
581,Car Emergency Kit,,388,377,2/6/2025,true,1
582,Savory Quinoa Pudding,,36,326,1/1/2025,false,1
583,Running Shorts,,36,396,6/14/2025,true,5
584,Sweet Chili Sauce,,134,28,7/17/2024,true,5
585,Coconut Almond Granola,,207,433,6/4/2025,true,4
586,Pet Safety Harness,,112,621,10/17/2024,false,1
587,Canned Coconut Milk,,399,206,1/7/2025,true,3
588,White Rice,,158,569,4/19/2025,false,4
589,Dish Rack,,210,917,7/20/2024,false,3
590,Oven Mitts,,104,277,1/29/2025,true,4
591,Leek and Potato Soup,,278,107,3/16/2025,false,5
592,Banana Chips,,232,657,3/10/2025,false,1
593,Mixed Nuts,,402,642,4/11/2025,true,2
594,Rechargeable Laptop Battery Pack,,248,658,6/10/2025,true,3
595,Chilli Lime Corn on the Cob,,7,740,2/13/2025,false,5
596,Wireless Music Receiver,,408,168,8/7/2024,false,4
597,Lemon Sorbet,,12,548,10/18/2024,true,2
598,Camping Chair,,410,739,4/1/2025,false,1
599,Tomato Sauce,,446,850,12/27/2024,true,3
600,Wi-Fi Enabled Smart Light Switch,,461,717,6/10/2025,false,2
601,Chickpea Pancakes,,345,911,8/31/2024,false,2
602,Peanut Butter Granola,,267,389,5/26/2025,false,1
603,Adjustable Yoga Mat Strap,,71,331,5/12/2025,true,4
604,Poppy Seed Dressing,,487,39,9/20/2024,true,5
605,Electric Pressure Washer,,264,391,5/10/2025,true,1
606,Nutty Granola Clusters,,127,128,2/21/2025,true,1
607,Baby Monitor,,137,720,8/19/2024,true,3
608,Portable Bluetooth Keyboard,,322,971,12/11/2024,true,2
609,Customizable Photo Calendar,,97,942,6/10/2025,false,5
610,Kettle Corn Popcorn,,43,915,10/26/2024,false,2
611,DIY Lip Balm Kit,,257,592,1/19/2025,true,5
612,Weighted Blanket for Adults,,482,791,12/27/2024,true,4
613,Summer Tank Dress,,412,271,11/12/2024,true,2
614,Kale Salad Kit,,402,609,2/13/2025,false,4
615,Self-Stirring Mug,,291,366,7/25/2024,true,3
616,Leek and Potato Soup,,290,794,11/30/2024,false,3
617,Sesame Garlic Noodles,,12,710,5/31/2025,true,3
618,Motion Sensor Light,,434,360,2/7/2025,true,5
619,Active Racerback Tank,,135,916,5/14/2025,false,1
620,Portable Phone Mug Holder,,372,873,6/18/2025,true,1
621,Smart Water Bottle with Hydration Reminder,,259,269,12/31/2024,true,4
622,Butternut Squash Soup,,500,450,5/19/2025,false,3
623,Comfortable Bed Pillow,,156,432,8/30/2024,true,2
624,Pet Bed,,446,578,6/8/2025,false,1
625,Portable Air Pump,,478,715,6/3/2025,false,3
626,Luxury Bathrobe,,49,105,7/12/2024,false,2
627,Guitar Tuner,,96,638,9/29/2024,false,4
628,Suede Ankle Booties,,103,332,3/10/2025,false,5
629,Wireless Charger Stand,,371,103,5/26/2025,false,1
630,Smartphone Stand,,62,24,5/9/2025,false,4
631,Grilled Vegetable Medley,,181,660,3/10/2025,true,1
632,Frozen Burritos,,166,667,10/21/2024,true,5
633,LED Strip Lights with Remote Control,,345,863,5/4/2025,false,3
634,Faux Fur Throw Blanket,,75,801,11/22/2024,true,3
635,Baking Powder,,283,831,10/9/2024,false,3
636,Digital Thermostat,,114,804,2/11/2025,true,5
637,Electric Nail File Kit,,315,475,12/11/2024,true,1
638,Memory Card,,307,452,10/30/2024,true,3
639,Peanut Butter Banana Smoothie Mix,,222,642,11/27/2024,true,1
640,LED Flashing Pet Collar,,250,574,9/4/2024,true,5
641,Window Blinds,,136,325,2/1/2025,true,5
642,Pumpkin Spice Granola,,71,78,7/9/2024,false,4
643,Vintage Graphic Tee,,13,115,10/30/2024,false,5
644,Kids' Educational Tablet,,449,763,9/6/2024,true,3
645,Vintage Graphic Tee,,122,151,1/23/2025,true,1
646,Savory Oatmeal,,342,962,9/22/2024,false,3
647,Mango Chutney,,163,514,8/15/2024,false,4
648,High-Pressure Handheld Shower Head,,331,1000,10/9/2024,false,1
649,Plant-Based Meal Prep Containers,,17,851,12/23/2024,true,4
650,Barbecue Chicken Pizza,,39,650,6/18/2025,false,4
651,Ankle Boots,,336,729,9/4/2024,true,3
652,Frozen Acai Pur√©e,,227,202,6/24/2025,false,3
653,Classic White T-Shirt,,133,802,8/2/2024,false,4
654,Organic Cereal Bars,,34,235,11/20/2024,true,4
655,Children's Art Set,,70,189,7/10/2024,false,1
656,Travel Makeup Organizer,,380,645,5/4/2025,false,4
657,Nail Polish Set,,420,780,1/31/2025,true,1
658,Organic Fruit Salad,,243,335,1/27/2025,false,3
659,Phone Screen Protector,,78,841,8/29/2024,true,2
660,Flavored Popcorn Mix,,349,788,9/8/2024,true,3
661,Picnic Blanket,,500,816,7/26/2024,true,4
662,Mediterranean Couscous Salad,,213,50,3/26/2025,false,1
663,Roasted Garlic,,177,421,9/22/2024,true,4
664,DIY Lip Balm Making Kit,,402,315,10/21/2024,true,5
665,Laundry Detergent,,370,521,7/3/2025,false,1
666,Harvest Grain Salad,,129,611,9/22/2024,false,2
667,Zesty Garlic Hummus,,141,998,2/24/2025,true,5
668,Vegetarian Stir Fry Sauce,,460,908,10/3/2024,true,3
669,Multi-Function Meat Tenderizer,,393,772,8/15/2024,true,4
670,Cinnamon Roll Dough,,330,939,12/22/2024,false,3
671,Coloring Books for Adults,,62,806,9/17/2024,true,2
672,Roasted Red Pepper Dip,,426,114,12/6/2024,true,1
673,Sweet Pea Hummus,,281,246,4/7/2025,false,3
674,High-Top Leather Boots,,88,291,8/19/2024,true,2
675,Herb Seasoned Croutons,,376,644,7/23/2024,false,3
676,Herb Garlic Butter,,393,190,2/27/2025,true,5
677,Plaid Flannel Shirt,,251,421,4/15/2025,true,5
678,Lemon Zest Olive Oil,,30,664,1/30/2025,false,1
679,Fitness Jump Box,,138,478,6/3/2025,false,2
680,Classic White T-Shirt,,219,130,11/24/2024,false,3
681,Raspberry Vanilla Greek Yogurt,,3,739,12/4/2024,false,4
682,Coconut Flakes,,360,220,5/23/2025,true,3
683,Thai Peanut Dressing,,156,347,10/13/2024,true,4
684,Banana Nut Muffins,,88,15,10/17/2024,false,5
685,Magnetic Spice Jars,,336,978,2/2/2025,true,4
686,Low-Fat Yogurt,,320,596,3/19/2025,true,5
687,Tropical Fruit Bowl,,21,589,3/17/2025,true,3
688,Fried Rice,,297,814,5/16/2025,false,4
689,Smashed Avocado with Lime,,420,99,1/10/2025,true,5
690,Pretzel Bites,,256,626,2/8/2025,true,1
691,Mediterranean Chickpea Salad,,161,892,9/4/2024,false,4
692,Outdoor Camping Hammock,,43,161,12/5/2024,false,1
693,Magnetic Phone Car Mount,,498,703,1/16/2025,false,2
694,Chocolate Chip Cookie Mix,,126,874,4/11/2025,false,4
695,Automatic Pet Feeder,,299,554,8/14/2024,false,3
696,Organic Almonds,,6,139,4/27/2025,false,3
697,Lemon Garlic Marinade,,418,368,6/23/2025,false,4
698,LED Flashlight with Rechargeable Batteries,,259,42,5/14/2025,false,2
699,Knitted Infinity Scarf,,445,389,2/26/2025,true,3
700,Raisin Cinnamon Granola,,317,453,8/23/2024,true,3
701,Spinach Pizza Rolls,,467,441,6/5/2025,true,1
702,Sea Salt Caramel Popcorn,,473,317,12/14/2024,false,2
703,Chocolate Hazelnut Granola,,117,499,11/19/2024,true,3
704,Mini Air Purifier,,363,874,9/10/2024,false,1
705,Hot Dog Buns,,99,930,4/25/2025,false,5
706,Pineapple Coconut Bars,,358,555,5/31/2025,false,3
707,Artisan Pickles,,147,921,3/13/2025,true,2
708,Active Racerback Tank,,445,141,7/31/2024,false,2
709,LED Disco Ball Light,,142,916,12/23/2024,false,1
710,Stainless Steel Straws,,288,298,9/4/2024,false,5
711,Pet Hair Removal Brush,,103,682,1/15/2025,false,3
712,Pleated Midi Dress,,310,408,11/8/2024,false,2
713,Pet Caress Brush,,441,808,4/2/2025,false,2
714,Electric Blanket,,79,994,9/12/2024,true,1
715,Chili Beans in Sauce,,416,714,6/12/2025,true,4
716,Car Phone Mount,,498,95,9/11/2024,true,5
717,Cranberry Juice,,136,786,9/6/2024,false,5
718,Phone Case,,305,513,4/18/2025,true,3
719,Smartphone Gimbal,,398,728,1/7/2025,false,1
720,Fruit and Nut Bars,,100,810,8/28/2024,false,3
721,Pet Caress Brush,,411,502,12/19/2024,false,1
722,Frozen Chicken Nuggets,,488,839,2/15/2025,true,1
723,Coffee Making Kit,,473,299,7/24/2024,true,1
724,Nut Mix,,348,83,8/16/2024,true,3
725,Wireless Security Camera,,293,232,4/24/2025,true,4
726,Bird Feeder,,65,693,4/30/2025,false,5
727,Bird Feeder,,392,18,1/25/2025,false,3
728,Smart Home Security Camera,,481,452,7/3/2025,true,3
729,Cheddar & Bacon Potato Skins,,2,258,7/20/2024,false,2
730,Interchangeable Watch Bands,,335,138,7/28/2024,false,2
731,Mini Projector for Smartphones,,384,336,7/6/2025,true,5
732,Acoustic Guitar,,213,231,10/28/2024,false,1
733,Scented Candle Set,,244,326,3/5/2025,true,4
734,Wooden Kitchen Utensil Set,,59,627,7/24/2024,true,5
735,Phone Case,,334,987,6/18/2025,true,5
736,Chocolate Hazelnut Granola,,211,398,9/12/2024,true,2
737,Trainers with Mesh Inserts,,213,215,6/10/2025,false,3
738,Sliced Cheese,,296,467,7/21/2024,true,1
739,Ethically-Sourced Coffee Beans,,481,361,2/11/2025,false,4
740,Dish Soap Dispenser,,319,7,5/17/2025,true,4
741,Rustic Italian Bread,,210,345,5/19/2025,true,5
742,Travel Makeup Organizer,,74,568,2/14/2025,false,1
743,Sculpting Kit,,437,544,10/22/2024,false,5
744,Memory Foam Pillow,,335,316,3/12/2025,false,2
745,Apple Cinnamon Breakfast Muffins,,75,407,3/14/2025,false,1
746,Smart Air Purifier,,402,672,9/29/2024,false,2
747,Electric Pressure Cooker,,156,9,7/21/2024,false,2
748,Fruit & Nut Trail Mix,,239,758,3/23/2025,false,2
749,Peach Yogurt,,160,231,1/2/2025,false,3
750,Handmade Soap Making Kit,,159,813,5/25/2025,false,1
751,Coconut Milk,,317,792,9/2/2024,false,1
752,Pasta Maker,,1,776,2/21/2025,true,4
753,Smart Water Bottle,,269,468,11/20/2024,true,2
754,Induction Cooktop,,122,21,4/10/2025,false,1
755,Dark Chocolate Bars,,177,610,10/30/2024,false,4
756,Electric Pressure Washer,,98,748,9/17/2024,false,5
757,Quinoa and Kale Salad Kit,,52,337,10/21/2024,false,1
758,Beef Tacos,,475,479,12/2/2024,true,3
759,Safety Pin Dispenser,,326,704,4/13/2025,true,3
760,Satin Slip Dress,,478,999,11/1/2024,true,3
761,Electric Wine Opener,,199,712,1/9/2025,true,2
762,Wireless Security Camera,,248,761,9/21/2024,false,5
763,Peanut Butter Filled Pretzels,,413,739,9/15/2024,false,1
764,Canned Sardines,,36,2,12/11/2024,true,5
765,Almond Flour Bread Mix,,431,834,3/17/2025,true,2
766,Personalized Pet ID Tags,,368,978,1/24/2025,true,3
767,Portable Blender,,129,137,3/8/2025,false,4
768,Organic Tomato Ketchup,,94,432,6/2/2025,true,5
769,Basil Lemonade,,360,604,8/12/2024,true,2
770,Honey BBQ Ribs,,351,281,10/17/2024,true,3
771,Glass Food Containers,,219,856,4/18/2025,true,3
772,Compact Pop-Up Tent,,201,169,4/23/2025,true,4
773,Pizza Stone,,196,827,2/12/2025,false,5
774,Sweet Potatoes,,496,27,2/5/2025,false,4
775,Home Karaoke System,,266,931,4/23/2025,false,4
776,Bamboo Utensil Set,,194,107,8/7/2024,false,5
777,Travel Eye Mask with Ear Plugs,,424,170,9/25/2024,false,3
778,Memory Card,,109,930,6/14/2025,false,5
779,Baked Mac and Cheese,,314,219,1/24/2025,true,2
780,Cinnamon Rolls,,138,59,3/1/2025,true,5
781,Organic Black Beans,,279,994,10/8/2024,false,5
782,Silicone Baking Molds,,291,545,1/18/2025,true,5
783,Cauliflower Pizza Crust,,165,788,11/2/2024,true,3
784,Electric Pressure Washer,,403,175,11/16/2024,true,2
785,Mini Air Purifier,,273,537,8/11/2024,false,5
786,Coconut Yogurt,,198,737,1/11/2025,false,1
787,Almond Joy Bars,,13,264,4/17/2025,true,4
788,Low-Fat Yogurt,,500,19,4/4/2025,false,4
789,Chocolate Chip Cliff Bars,,282,241,11/21/2024,false,2
790,Comfy Slippers,,462,322,8/28/2024,true,4
791,Garlic and Herb Cream Cheese,,62,196,5/22/2025,true,2
792,Apple Juice,,305,684,1/15/2025,true,5
793,Outdoor Folding Table,,402,889,11/20/2024,true,3
794,Pumpkin Waffles,,279,515,11/20/2024,true,2
795,Cranberry Citrus Sauce,,410,338,9/4/2024,true,3
796,Vegetable Stir-Fry Kit,,169,230,9/4/2024,false,1
797,Honey Mustard Pretzel Bites,,175,18,6/24/2025,false,2
798,Herb Seasoned Rice,,323,899,5/8/2025,false,2
799,Portable Bluetooth Keyboard,,492,41,10/21/2024,false,2
800,Non-Toxic Crayons for Kids,,395,603,11/21/2024,false,2
801,Chocolate Peanut Butter Cups,,96,896,8/3/2024,false,3
802,Corn Tortillas,,498,175,4/13/2025,false,4
803,Insulated Lunch Box,,282,374,1/16/2025,false,5
804,Wall-Mounted Bookshelf,,122,392,6/16/2025,true,5
805,Teriyaki Chicken Stir-Fry,,222,828,8/25/2024,false,1
806,Organic Almond Flour,,27,837,11/7/2024,true,4
807,Veggie Lovers Pizza,,251,964,9/12/2024,true,2
808,Soft Plush Throw Blanket,,305,537,2/28/2025,false,2
809,Digital Food Thermometer,,118,438,6/15/2025,true,5
810,Almond Butter,,38,257,1/11/2025,false,2
811,High-Pressure Handheld Shower Head,,185,887,7/11/2024,false,3
812,Fishing Tackle Box,,131,180,9/6/2024,true,4
813,Sweet Chili Thai Sauce,,379,193,5/21/2025,false,3
814,Garlic Breadsticks,,345,124,3/31/2025,false,3
815,Chocolate Mint Cookies,,259,57,4/9/2025,false,3
816,Adjustable Skipping Rope,,76,95,8/15/2024,true,5
817,Crispy Onion Rings,,315,614,5/19/2025,true,2
818,Grilled Vegetable Medley,,282,883,3/8/2025,true,3
819,Smart Scale,,31,361,2/23/2025,false,1
820,Buffalo Stilton Cheese,,109,686,5/13/2025,true,5
821,Buffalo Chicken Wraps,,151,961,1/23/2025,false,1
822,Carrot and Celery Sticks,,300,338,12/24/2024,true,5
823,Electric Toothbrush,,309,964,8/24/2024,false,1
824,Feta Cheese Crumbles,,43,627,4/21/2025,false,1
825,Wireless HDMI Receiver,,207,176,7/2/2025,true,2
826,Natural Peanut Butter,,351,124,4/23/2025,true,5
827,Teriyaki Salmon Fillets,,439,383,4/2/2025,true,1
828,Stainless Steel Mixing Bowls,,100,856,5/3/2025,false,3
829,Multifunctional Pocket Tool,,199,133,5/23/2025,true,5
830,Honey,,123,741,9/24/2024,true,4
831,Sparkling Blood Orange Soda,,214,903,11/8/2024,false,3
832,Chocolate Dipped Fruit,,378,814,8/22/2024,true,1
833,Trackpad for Laptop,,212,652,12/25/2024,true,3
834,Wireless Wi-Fi Extender,,195,391,10/13/2024,true,1
835,Electric Heating Pad,,86,617,1/11/2025,false,1
836,Chia Seed Pudding Mix,,415,165,11/19/2024,false,2
837,Canvas Tote Bag,,363,951,1/12/2025,false,3
838,Beef Sirloin Steak,,39,533,9/26/2024,false,5
839,Smartwatch,,498,937,5/18/2025,false,3
840,Vanilla Ice Cream,,119,770,9/27/2024,false,2
841,Adjustable Height Standing Desk Converter,,344,277,11/27/2024,false,5
842,LED Strip Light Kit,,107,45,10/25/2024,true,3
843,Set of Measuring Spoons,,439,95,8/20/2024,true,2
844,Home Brewing Starter Kit,,397,714,12/26/2024,true,2
845,Sriracha Sauce,,446,182,6/7/2025,false,2
846,Desk Lamp with USB Port,,96,167,12/10/2024,false,5
847,Insulated Cooler,,456,91,3/5/2025,false,3
848,Ground Turkey,,188,992,12/13/2024,true,2
849,Biodegradable Trash Bags,,224,868,5/31/2025,true,3
850,Baby Monitor,,450,950,9/12/2024,false,4
851,Classic Baseball Cap,,103,465,5/9/2025,true,5
852,Kids' Building Blocks,,46,471,11/7/2024,true,1
853,Baby Safety Corner Guards,,138,690,9/26/2024,false,1
854,Zucchini Noodles,,21,465,1/3/2025,true,5
855,Peanut Butter Pretzel Bites,,360,115,3/8/2025,true,1
856,Chili Lime Corn Chips,,259,358,10/11/2024,false,5
857,Pet Waterer with Filtration,,209,240,5/21/2025,true,5
858,Puff Pastry,,278,28,10/13/2024,true,1
859,Garlic Butter Sauce,,11,556,1/13/2025,true,1
860,Tomato Basil Pasta Sauce,,232,164,2/15/2025,false,5
861,Almond Butter,,28,138,5/2/2025,true,1
862,Italian Meatballs,,70,998,11/28/2024,false,2
863,Digital Kitchen Timer,,148,54,9/5/2024,true,3
864,Ricotta Cheese,,367,47,6/5/2025,false,5
865,Portable Air Purifier,,53,506,1/17/2025,false,3
866,Interactive Robot Toy,,252,69,9/18/2024,true,4
867,Salt and Pepper Grinder Set,,155,639,10/25/2024,true,2
868,Compact Dishwasher,,38,716,1/13/2025,false,2
869,Sporty Slide Sandals,,66,25,7/4/2025,true,1
870,Lentils,,63,878,11/20/2024,true,3
871,Portable Grill Cover,,149,771,11/20/2024,false,4
872,Frozen Cauliflower Rice,,204,289,5/23/2025,true,4
873,Cotton Pajama Set,,47,953,8/31/2024,true,4
874,Maxi Wrap Dress,,398,377,7/10/2024,true,3
875,Jennifer's Amazing Lip Balm Kit,,18,355,4/5/2025,true,1
876,Gardening Tools Set,,415,843,6/12/2025,false,1
877,Saffron Rice Mix,,162,621,12/28/2024,false,1
878,Gardening Gloves with Claws,,292,530,1/25/2025,true,5
879,Kids' Art Supplies Kit,,397,358,11/6/2024,true,2
880,Garlic and Herb Cream Cheese,,465,408,9/12/2024,true,3
881,Glass Water Bottle,,447,355,2/8/2025,true,2
882,Sweet and Sour Sauce,,415,506,7/17/2024,false,4
883,Puzzle Mat,,30,85,8/22/2024,false,4
884,Decorative LED Neon Sign,,438,406,11/26/2024,true,4
885,Pet Leash,,115,878,1/21/2025,false,1
886,Spinach and Cheese Quiche,,340,731,1/31/2025,true,4
887,DIY Lip Balm Kit,,478,606,10/12/2024,true,4
888,Classic Slim Fit Shirt,,254,189,8/26/2024,true,2
889,Crispy Onion Rings,,342,967,12/9/2024,true,3
890,Bamboo Utensil Holder,,461,815,10/1/2024,false,4
891,Shoe Organizer,,268,13,6/20/2025,true,5
892,Pepperoni Pizza Roll-Ups,,387,92,6/18/2025,true,1
893,Dark Chocolate Covered Pretzels,,351,777,12/4/2024,false,2
894,Honey Garlic Chicken,,223,520,9/6/2024,true,3
895,Multifunctional Pocket Tool,,123,498,3/1/2025,true,2
896,Portable Hammock Swing,,415,784,9/1/2024,false,1
897,Travel Jewelry Case,,278,246,9/9/2024,true,4
898,Oven-Baked Cheese Crisps,,255,508,5/8/2025,false,5
899,Handcrafted Wooden Coasters,,251,6,7/25/2024,false,4
900,Spicy Snack Mix,,482,131,2/9/2025,true,4
901,Air Mattress,,22,767,7/23/2024,true,5
902,Chocolate Coconut Protein Balls,,150,189,3/31/2025,true,3
903,Crispy Chickpeas,,204,35,4/11/2025,false,2
904,LED Makeup Mirror,,125,715,9/1/2024,true,3
905,Basil Pesto Pasta,,279,873,8/22/2024,true,5
906,Automatic Pet Feeder,,271,731,4/25/2025,false,4
907,Portable Pet Water Bottle,,193,679,7/31/2024,false,1
908,Bamboo Cotton Tank Top,,373,394,6/16/2025,false,4
909,Kale Salad Kit,,314,276,9/7/2024,false,5
910,Portable Leaf Blower,,136,387,1/8/2025,true,5
911,Balsamic Vinegar,,231,729,9/4/2024,true,3
912,Party Mini Dress,,61,591,10/26/2024,false,5
913,Canvas Tote Bag,,169,766,12/2/2024,false,1
914,Foot Spa Bath Massager,,276,302,4/13/2025,false,1
915,Wine Glasses,,426,879,5/15/2025,false,1
916,Vegetarian Sausage Links,,352,543,2/5/2025,false,4
917,LED Makeup Mirror,,440,349,5/27/2025,true,2
918,Lentil Pasta,,261,712,8/17/2024,true,4
919,Avocado Oil Mayo,,383,541,12/15/2024,true,3
920,Customizable Wall Calendar,,44,635,4/9/2025,false,5
921,Chili Powder,,118,36,9/14/2024,false,2
922,Organic Honeycrisp Apples,,470,468,7/16/2024,false,1
923,Spicy Chicken Wings,,485,289,9/23/2024,true,1
924,Honey Almond Granola Bars,,48,609,11/23/2024,true,2
925,Heat-Resistant Silicone Mat,,390,611,7/26/2024,true,5
926,Kids' Dinosaur-Themed Lunchbox,,242,44,5/6/2025,false,4
927,Casual Long Cardigan,,257,73,5/9/2025,true,1
928,Spicy Kimchi,,144,260,2/2/2025,true,3
929,Roasted Garlic Butter,,354,48,7/10/2024,false,3
930,Laptop Stand,,136,292,11/23/2024,true,4
931,Travel Document Organizer,,352,627,10/24/2024,true,3
932,Pet Carrier Backpack,,121,222,1/28/2025,false,1
933,Foam Building Blocks for Kids,,450,422,10/5/2024,true,3
934,Reversible Swimming Pool Lounger,,56,916,8/18/2024,true,2
935,Cotton Tote Bag Set,,294,651,12/11/2024,false,2
936,Honey Almond Granola Bars,,272,336,3/13/2025,false,3
937,Handheld Garment Steamer,,45,746,1/10/2025,false,5
938,Free-Range Eggs,,92,755,10/10/2024,true,5
939,Wild Rice & Quinoa Mix,,469,224,11/7/2024,false,4
940,Coconut Almond Granola,,338,679,9/25/2024,false,3
941,Electric Griddle,,359,300,12/2/2024,true,5
942,Smoky BBQ Jackfruit,,357,174,2/3/2025,false,3
943,Adjustable Bar Stools,,67,430,2/21/2025,false,4
944,Organic Whole Wheat Flour,,224,638,11/25/2024,true,4
945,Collapsible Water Bottle,,3,113,2/18/2025,false,5
946,Waffle Maker,,182,57,3/30/2025,true,4
947,Hummus Trio Pack,,342,862,3/16/2025,true,4
948,Plant-Based Cookbook,,86,414,9/19/2024,true,4
949,Classic Pumps,,332,312,3/4/2025,false,5
950,Bird Feeder,,324,674,12/17/2024,false,4
951,Taro Chips,,307,139,4/6/2025,true,4
952,Lentils,,34,570,7/20/2024,false,5
953,Green Tea Matcha Powder,,87,695,1/25/2025,false,2
954,Magnetic Spice Jars,,78,796,2/8/2025,false,5
955,Winter Insulated Jacket,,428,716,12/3/2024,true,4
956,Smart Thermostat,,451,272,10/16/2024,false,5
957,Herbed Mushroom Risotto,,219,547,11/18/2024,true,1
958,Grass Fed Beef Patties,,116,408,10/9/2024,true,1
959,Garam Masala Spice Blend,,114,882,6/3/2025,true,4
960,Foldable Yoga Mat,,161,504,12/4/2024,true,3
961,Chocolate Fudge Ice Cream,,105,576,1/31/2025,true,2
962,Multi-Port USB Hub,,473,965,1/4/2025,false,3
963,Portable Water Filter,,500,489,8/10/2024,true,4
964,Vintage Graphic Tee,,272,479,6/23/2025,false,3
965,Marinara Sauce,,74,491,9/20/2024,true,4
966,Organic Apples,,236,843,5/27/2025,false,4
967,Gardening Kneeler and Seat,,396,229,2/7/2025,true,3
968,Almond Flour Pizza Crust,,434,909,9/17/2024,true,3
969,Athletic Sports Bra,,180,864,5/30/2025,false,3
970,Gardening Gloves,,46,945,10/22/2024,true,4
971,Car Windshield Sun Shade,,285,456,5/4/2025,false,1
972,Pet Camera with Treat Dispenser,,309,201,1/15/2025,false,1
973,Pet Grooming Glove,,62,377,4/24/2025,false,3
974,Wireless Music Receiver,,447,772,2/15/2025,false,3
975,Spice Rack,,141,113,7/11/2024,true,3
976,Roasted Red Pepper Hummus,,18,583,7/24/2024,false,1
977,Sporty Slide Sandals,,221,28,6/30/2025,true,3
978,Watercolor Set,,29,975,11/14/2024,false,1
979,Artisan Bread,,24,534,2/12/2025,false,4
980,Frozen Spinach,,213,189,9/10/2024,true,4
981,Chicken Parmesan Dinner Kit,,155,731,2/10/2025,true,1
982,Ultra-Thin Laptop Sleeve,,283,70,6/30/2025,true,4
983,Spicy Snack Mix,,380,854,8/2/2024,true,3
984,Mixed Berry Smoothie Pack,,329,72,8/19/2024,true,5
985,Electric Wax Warmer,,252,742,12/2/2024,false,3
986,Travel Pillow,,473,198,7/11/2024,false,4
987,Corn Tortillas,,376,383,5/14/2025,false,4
988,Wall Art,,134,889,9/30/2024,false,5
989,Cable Knit Beanie,,341,816,10/19/2024,true,1
990,Eco-Friendly Yoga Mat,,421,613,7/30/2024,true,4
991,Kids' Craft Supplies Set,,378,613,4/5/2025,true,3
992,Smartphone Stand,,462,860,1/25/2025,true,2
993,Wall Art Stickers,,356,782,2/8/2025,true,3
994,Spicy BBQ Sauce,,216,308,11/12/2024,false,2
995,Sliced Bread,,73,154,2/8/2025,false,1
996,Tailored Dress Pants,,465,282,2/7/2025,false,3
997,Taro Chips,,72,791,11/29/2024,true,3
998,Cordless Electric Screwdriver,,388,46,7/20/2024,true,4
999,Peanut Butter Cookies,,63,547,10/2/2024,false,5
1000,Spicy Thai Chili Sauce,,204,178,9/6/2024,false,5
